NEIGHBORHOOD_UP,NEIGHBORHOOD_DOWN,NEIGHBORHOOD_RIGHT,NEIGHBORHOOD_LEFT,NEIGHBORHOOD_DIST_UP,NEIGHBORHOOD_DIST_DOWN,NEIGHBORHOOD_DIST_RIGHT,NEIGHBORHOOD_DIST_LEFT,COMMAND_CENTER_X,COMMAND_CENTER_Y,AGENT_1_X,AGENT_1_Y,AGENT_2_X,AGENT_2_Y,CAN_FIRE,HEALTH,LIFE_X,LIFE_Y,EXIT_X,EXIT_Y,time,action
0,1,2,1,0,0.3075551,0.3085001,8.307555,15,3,3,27,27,27,1,2,5,17,27,23,0.1055461,0
0,1,2,1,0,0.3075551,0.3085001,8.307555,15,3,3,27,27,27,1,2,5,17,27,23,0.2014301,0
0,1,2,1,0,0.3075551,0.3085001,8.307555,15,3,3,27,27,27,1,2,5,17,27,23,0.3047944,0
0,1,2,1,0,0.407555,0.3085001,8.307555,15,3,3,27,27,27,1,2,5,17,27,23,0.4126688,1
0,1,2,2,0,0.9075544,0.3085001,0.3085001,15,3,3,27,27,27,1,2,5,17,27,23,0.5000851,1
0,1,2,2,0,1.407554,0.3085001,0.3085001,15,3,3,27,27,27,1,2,5,17,27,23,0.6015162,1
0,1,2,2,0,1.907554,0.3085001,0.3085001,15,3,3,27,27,27,1,2,5,17,27,23,0.7015288,1
0,1,2,2,0,2.407553,0.3085001,0.3085001,15,3,3,27,27,27,1,2,5,17,27,23,0.8002342,1
0,1,2,2,0,2.907553,0.3085001,0.3085001,15,3,3,27,27,27,1,2,5,17,27,23,0.9028921,1
0,1,2,2,0,3.407552,0.3085001,0.3085001,15,3,3,27,27,27,1,2,5,17,27,23,1.000135,1
0,1,2,2,0,3.807552,0.3085001,0.3085001,15,3,3,27,27,27,1,2,5,17,27,23,1.106501,3
0,1,2,2,0,3.807552,0.008498904,0.6085013,15,3,3,27,27,27,1,2,5,17,27,23,1.203314,3
0,1,2,2,0,3.807552,0.008498904,0.6085013,15,3,3,27,27,27,1,2,5,17,27,23,1.305254,3
0,1,2,2,0,3.807552,0.008498904,0.6085013,15,3,3,27,27,27,1,2,5,17,27,23,1.400707,3
0,1,2,2,0,3.807552,0.008498904,0.6085013,15,3,3,27,27,27,1,2,5,17,27,23,1.505379,3
0,1,2,2,0,3.807552,0.008498904,0.6085013,15,3,3,27,27,27,1,2,5,17,27,23,1.603939,3
0,1,2,2,0,4.007551,8.008499,0.6085013,15,3,3,27,27,27,1,2,5,17,27,23,1.700324,1
0,1,2,2,0,4.407551,8.008499,0.6085013,15,3,3,27,27,27,1,2,5,17,27,23,1.803665,3
2,2,2,2,0.208504,0.4084962,7.808498,0.808502,15,3,3,27,27,27,1,2,5,17,27,23,1.904258,3
2,2,2,2,0.208504,0.4084962,7.308496,1.308504,15,3,3,27,27,27,1,2,5,17,27,23,2.002116,3
2,2,2,2,0.2085039,0.4084961,6.708494,1.908506,15,3,3.599999,27,27,26.4,1,2,5,17,27,23,2.139604,3
2,2,2,2,0.208504,0.4084962,6.308492,2.308508,15,3,3.999999,27,27,26,1,2,5,17,27,23,2.20249,3
2,2,2,2,0.208504,0.4084962,5.80849,2.80851,15,3,4.499999,27,27,25.49999,1,2,5,17,27,23,2.301972,3
2,2,2,2,0.208504,0.4084962,5.308488,3.308511,15,3,4.999998,27,27,24.99999,1,2,5,17,27,23,2.401193,3
2,2,2,2,0.208504,0.4084962,4.808486,3.808513,15,3,5.499998,27,27,24.49999,1,2,5,17,27,23,2.502997,3
2,2,2,2,4.208503,0.4084962,4.308485,4.308515,15,3,5.999997,27,27,23.99999,1,2,5,17,27,23,2.602551,3
2,2,2,2,0.208504,0.4084962,3.808482,4.808517,15,3,6.499997,27,27,23.49999,1,2,5,17,27,23,2.704237,3
2,2,2,2,0.208504,0.4084962,3.308481,5.308519,15,3,6.999996,27,27,22.99998,1,2,5,17,27,23,2.802682,3
2,2,2,2,0.208504,0.4084962,2.808479,5.808521,15,3,7.499996,27,27,22.49998,1,2,5,17,27,23,2.904201,3
2,2,2,2,0.208504,0.4084962,2.308477,6.308523,15,3,7.999995,27,27,21.99998,1,2,5,17,27,23,3.003033,3
2,2,2,2,0.208504,0.4084962,1.808475,6.808525,15,3,8.499997,27,27,21.49998,1,2,5,17,27,23,3.101956,3
2,2,2,2,0.208504,0.4084962,1.308473,7.308527,15,3,8.999999,27,27,20.99998,1,2,5,17,27,23,3.201873,3
2,2,2,2,0.208504,0.4084962,0.8084715,7.808529,15,3,9.500001,27,27,20.49998,1,2,5,17,27,23,3.302669,3
0,1,2,2,0,4.40755,0.3084695,8.308531,15,3,10,27,27,19.99997,1,2,5,17,27,23,3.40335,3
1,1,1,2,19.90756,4.707551,0.3075246,0.3085306,15,3,10.5,27,27,19.49997,1,2,5,17,27,23,3.500198,1
1,1,1,2,19.40756,5.207551,0.3075246,0.3085306,15,3,11.00001,27,27,18.99997,1,2,5,17,27,23,3.603336,1
1,1,1,2,18.90756,5.707551,0.3075246,0.3085306,15,3,11.50001,27,27,18.49997,1,2,5,17,27,23,3.700831,1
1,1,1,2,18.40756,6.207554,0.3075246,0.3085306,15,3,12.00001,27,27,17.99997,1,2,5,17,27,23,3.800698,1
1,1,1,2,17.90755,6.707555,0.3075246,0.3085306,15,3,12.50001,27,27,17.49996,1,2,5,17,27,23,3.902437,1
1,1,1,2,17.40755,7.207557,0.3075246,0.3085306,15,3,13.00001,27,27,16.99996,1,2,5,17,27,23,4.002658,1
1,1,1,2,16.90755,7.70756,0.3075246,0.3085306,15,3,12.50001,27,27.3,16.99996,1,2,5,17,27,23,4.101066,1
1,1,1,2,16.90755,7.70756,0.3075246,0.3085306,15,3,12.00001,27,27.3,16.99996,1,2,5,17,27,23,4.200085,0
1,1,1,2,17.10755,7.507559,0.3075246,0.3085306,15,3,11.50001,27,27.3,16.99996,1,2,5,17,27,23,4.30234,2
1,1,1,2,17.60755,7.007556,0.3075246,0.3085306,15,3,11.00001,27,27.3,16.99996,1,2,5,17,27,23,4.402711,2
1,1,1,2,18.10756,6.507555,0.3075246,0.3085306,15,3,10.5,27,27.3,16.99996,1,2,5,17,27,23,4.502969,2
1,1,1,2,18.60756,6.007553,0.3075246,0.3085306,15,3,10,27,27.3,16.99996,1,2,5,17,27,23,4.602361,2
1,1,1,2,19.10756,5.507551,0.3075246,0.3085306,15,3,9.500001,27,27.3,16.99996,1,2,5,17,27,23,4.703637,2
1,1,1,2,19.60756,5.007551,0.3075246,0.3085306,15,3,8.999999,27,27.3,16.99996,1,2,5,17,27,23,4.802236,2
0,1,2,2,0,4.507551,0.3084695,8.308531,15,3,8.499997,27,27.3,16.99996,1,2,5,17,27,23,4.902532,2
0,1,2,2,0,4.107552,0.3084695,8.308531,15,3,7.999996,27,27.3,16.99996,1,2,5,17,27,23,5.003814,4
2,2,2,2,0.5085033,0.1084969,0.8084715,7.808529,15,3,7.499996,27,27.3,16.99996,1,2,5,17,27,23,5.100337,4
2,2,2,2,0.5085033,0.1084969,1.308473,7.308527,15,3,6.999997,27,27.3,16.99996,1,2,5,17,27,23,5.201708,4
2,2,2,2,0.5085033,0.1084969,1.808475,6.808525,15,3,6.499997,27,27.3,16.99996,1,2,5,17,27,23,5.302746,4
2,2,2,2,0.5085033,0.1084969,2.308477,6.308523,15,3,5.999998,27,27.3,16.99996,1,2,5,17,27,23,5.402177,4
2,2,2,2,0.5085033,0.1084969,2.808479,5.808521,15,3,5.499998,27,27.3,16.99996,1,2,5,17,27,23,5.500775,4
2,2,2,2,0.5085033,0.1084969,3.308481,5.308519,15,3,4.999999,27,27.3,16.99996,1,2,5,17,27,23,5.600856,4
2,2,2,2,0.5085033,0.1084969,3.808483,4.808517,15,3,4.499999,27,27.3,16.99996,1,2,5,17,27,23,5.701781,4
2,2,2,2,4.508503,0.1084969,4.308485,4.308515,15,3,4,27,27.3,16.99996,1,2,5,17,27,23,5.80238,4
2,2,2,2,0.5085033,0.1084969,4.808486,3.808513,15,3,3.5,27,27.3,16.99996,1,2,5,17,27,23,5.900658,4
2,2,2,2,0.5085033,0.1084969,5.308488,3.308511,15,3,3,27,27.3,16.99996,1,2,5,17,27,23,6.002391,4
2,2,2,2,0.5085033,0.1084969,5.80849,2.80851,15,3,3,27,27.3,17.49996,1,2,5,17,27,23,6.100791,4
2,2,2,2,0.5085033,0.1084969,6.308492,2.308508,15,3,3,27,27.3,17.99997,1,2,5,17,27,23,6.20381,4
2,2,2,2,0.5085033,0.1084969,6.808494,1.808506,15,3,3,27,27.3,18.49997,1,2,5,17,27,23,6.303866,4
2,2,2,2,0.5085033,0.1084969,7.308496,1.308504,15,3,3,27,27.3,18.99997,1,2,5,17,27,23,6.400587,4
2,2,2,2,0.5085033,0.1084969,7.808498,0.808502,15,3,3,27,27.3,19.49997,1,2,5,17,27,23,6.501291,4
2,2,2,2,0.3085034,0.3084967,7.908499,0.7085016,15,3,3,27,27.3,19.99997,1,2,5,17,27,23,6.604115,1
2,2,2,2,0.008503673,0.6084965,7.908499,0.7085016,15,3,3,27,27.3,20.49998,1,2,5,17,27,23,6.703751,1
2,2,2,2,0.008503673,0.6084965,7.908499,0.7085016,15,3,3,27,27.3,20.99998,1,2,5,17,27,23,6.801552,1
2,2,2,2,0.008503673,0.6084965,7.908499,0.7085016,15,3,3,27,27.3,21.49998,1,2,5,17,27,23,6.903978,4
2,2,2,2,0.008503673,0.6084965,7.908499,0.7085016,15,3,3,27,27.3,21.99998,1,2,5,17,27,23,7.000294,4
2,2,2,2,0.008503673,0.6084965,7.908499,0.7085016,15,3,3,27,27.3,22.49998,1,2,5,17,27,23,7.100766,1
2,2,2,2,0.008503673,0.6084965,7.908499,0.7085016,15,3,3,27,27.3,22.99998,1,2,5,17,27,23,7.202046,1
0,1,2,2,0,4.607551,8.2085,0.4085005,15,3,3,27,27.3,23.49999,1,2,5,17,27,23,7.302713,4
0,1,2,2,0,4.607552,8.608501,0.008498904,15,3,3,27,27.3,23.99999,1,2,5,17,27,23,7.402779,4
0,1,2,2,0,4.607552,8.608501,0.008498904,15,3,3,27,27.3,24.49999,1,2,5,17,27,23,7.500637,4
1,1,2,1,19.50756,5.107551,0.6085013,0.007553935,15,3,3,27,27.3,24.99999,1,2,5,17,27,23,7.600618,1
1,1,2,1,19.00756,5.607551,0.6085013,0.007553935,15,3,3,27,27.3,25.49999,1,2,5,17,27,23,7.701349,1
1,1,2,1,18.50756,6.107553,0.6085013,0.007553935,15,3,3,27,27.3,26,1,2,5,17,27,23,7.802135,1
1,1,2,1,18.00756,6.607555,0.6085013,0.007553935,15,3,3,27,27.3,26.5,1,2,5,17,27,23,7.902465,1
1,1,2,1,17.50755,7.107557,0.6085013,0.007553935,15,3,3,27,27.3,27,1,2,5,17,27,23,8.000096,1
1,1,2,1,17.00755,7.607559,0.6085013,0.007553935,15,3,3,27.3,27.3,27.3,1,2,5,17,27,23,8.104875,1
1,1,2,2,16.50755,8.107561,0.6085012,0.008498904,15,3,3,27.3,27.3,27.3,1,2,5,17,27,23,8.202842,1
1,1,2,2,16.00755,8.607563,0.6085013,0.008498904,15,3,3,27.3,27.3,27.3,1,2,5,17,27,23,8.301935,1
1,1,2,2,15.90755,8.707563,0.6085013,0.008498904,15,3,3,27.3,27.3,27.3,1,2,5,17,27,23,8.401182,4
1,1,2,2,15.90755,8.707563,0.6085013,0.008498904,15,3,3,27.3,27.3,27.3,1,2,5,17,27,23,8.501771,4
1,1,2,2,15.90755,8.707563,0.6085013,0.008498904,15,3,3,27.3,27.3,27.3,1,2,5,17,27,23,8.601798,4
1,1,2,2,15.40755,9.207565,0.6085013,0.008498904,15,3,3,27.3,27.3,27.3,1,2,5,17,27,23,8.701546,1
1,1,2,2,15.10754,9.507566,0.6085013,0.008498904,15,3,3,27.3,27.3,27.3,1,2,5,17,27,23,8.802927,4
1,1,2,2,15.10754,9.507566,0.6085013,0.008498904,15,3,3,27.3,27.3,27.3,1,2,5,17,27,23,8.900121,4
1,1,2,2,15.10754,9.507566,0.6085013,0.008498904,15,3,3,27.3,27.3,27.3,1,2,5,17,27,23,9.002578,4
1,1,2,2,15.10754,9.507566,0.6085013,0.008498904,15,3,3,27.3,27.3,27.3,1,2,5,17,27,23,9.10358,4
1,1,2,2,15.00754,9.607568,0.6085012,0.008498904,15,3,3,27.3,27.3,27.3,1,2,5,17,27,23,9.200366,1
1,1,2,1,14.50754,10.10757,0.6085013,8.007553,15,3,3,27.3,27.3,27.3,1,2,5,17,27,23,9.303586,1
1,1,2,1,14.00754,10.60757,0.6085013,8.007554,15,3,3,27.3,27.3,27.3,1,2,5,17,27,23,9.403631,1
1,1,2,2,13.50754,11.10757,0.6085013,0.008498904,15,3,3,27.3,27.3,27.3,1,2,5,17,27,23,9.503495,1
1,1,2,2,13.00754,11.60757,0.6085013,0.008498904,15,3,3,27.3,27.3,27.3,1,2,5,17,27,23,9.600254,1
1,1,2,2,12.50753,12.10758,0.6085013,0.008498904,15,3,3,27.3,27.3,27.3,1,2,5,17,27,23,9.703609,1
1,1,2,2,12.00753,12.60758,0.6085013,0.008498904,15,3,3,27.3,27.3,27.3,1,2,5,17,27,23,9.800414,1
1,1,2,2,11.50753,13.10758,0.6085013,0.008498904,15,3,3,27.3,27.3,27.3,1,2,5,17,27,23,9.903579,1
1,1,2,2,11.00753,13.60758,0.6085013,0.008498904,15,3,3,27.3,27.3,27.3,1,2,5,17,27,23,10.00024,1
1,1,2,2,10.90753,13.70758,0.6085013,0.008498904,15,3,2.700001,27.3,27.3,27.3,1,2,5,17,27,23,10.10142,4
1,1,2,2,10.90753,13.70758,0.6085013,0.008498904,15,3,2.700001,27.3,27.3,27.3,1,2,5,17,27,23,10.20228,4
1,1,2,2,10.90753,13.70758,0.6085013,0.008498904,15,3,2.700001,27.3,27.3,27.3,1,2,5,17,27,23,10.30229,4
1,1,2,2,10.90753,13.70758,0.6085013,0.008498904,15,3,2.700001,27.3,27.3,27.3,1,2,5,17,27,23,10.40078,4
1,1,2,2,10.90753,13.70758,0.6085013,0.008498904,15,3,2.700001,27.3,27.3,27.3,1,2,5,17,27,23,10.50293,4
1,1,2,2,10.90753,13.70758,0.6085013,0.008498904,15,3,2.700001,27.3,27.3,27.3,1,2,5,17,27,23,10.60383,4
1,1,1,1,10.60753,14.00758,2.607556,8.007554,15,3,2.700001,27.3,27.3,27.3,1,2,5,17,27,23,10.70391,1
1,1,1,1,10.10752,14.50758,2.607556,8.007555,15,3,2.700001,27.3,27.3,27.3,1,2,5,17,27,23,10.8036,1
1,1,2,2,9.607524,15.00759,0.6085013,0.008498904,15,3,2.700001,27.3,27.3,27.3,1,2,5,17,27,23,10.90055,1
1,1,2,2,9.107522,15.50759,0.6085013,0.008498904,15,3,2.700001,27.3,27.3,27.3,1,2,5,17,27,23,11.00348,1
1,1,2,2,8.60752,16.00759,0.6085013,0.008498904,15,3,2.700001,27.3,27.3,27.3,1,2,5,17,27,23,11.10231,1
1,1,2,2,8.107518,16.50759,0.6085013,0.008498904,15,3,2.700001,27.3,27.3,27.3,1,2,5,17,27,23,11.20106,1
1,1,2,2,7.607516,17.0076,0.6085012,0.008498904,15,3,2.700001,27.3,27.3,27.3,1,2,5,17,27,23,11.30282,1
1,1,2,2,7.107514,17.5076,0.6085013,0.008498904,15,3,2.700001,27.3,27.3,27.3,1,2,5,17,27,23,11.40155,1
1,1,2,2,6.607512,18.0076,0.6085013,0.008498904,15,3,2.700001,27.3,27.3,27.3,1,2,5,17,27,23,11.50041,1
1,1,2,2,6.107511,18.5076,0.6085013,0.008498904,15,3,2.700001,27.3,27.3,27.3,1,2,5,17,27,23,11.60078,1
1,1,2,2,5.607508,19.0076,0.6085013,0.008498904,15,3,2.700001,27.3,27.3,27.3,1,2,5,17,27,23,11.7025,1
1,1,2,2,5.107506,19.5076,0.6085013,0.008498904,15,3,2.700001,27.3,27.3,27.3,1,2,5,17,27,23,11.80213,1
1,0,2,2,4.607504,0,0.6085013,0.008498904,15,3,2.700001,27.3,27.3,27.3,1,2,5,17,27,23,11.90274,1
1,0,2,2,4.107503,0,0.6085013,0.008498904,15,3,2.700001,27.3,27.3,27.3,1,2,5,17,27,23,12.00087,1
1,0,2,2,3.607501,0,0.6085013,0.008498904,15,3,3.2,27.3,27.3,26.8,1,2,5,17,27,23,12.10449,1
1,0,2,2,3.107499,0,0.6085013,0.008498904,15,3,3.7,27.3,27.3,26.3,1,2,5,17,27,23,12.20225,1
1,0,2,2,2.807498,0,0.6085012,0.008498904,15,3,4.199999,27.3,27.3,25.8,1,2,5,17,27,23,12.30328,0
1,0,2,2,2.807498,0,0.6085012,0.008498904,15,3,4.699999,27.3,27.3,25.29999,1,2,5,17,27,23,12.40313,0
1,0,2,2,3.207499,0,0.6085013,0.008498904,15,3,5.199998,27.3,27.3,24.79999,1,2,5,17,27,23,12.5024,2
1,0,2,2,3.707501,0,0.6085013,0.008498904,15,3,5.699998,27.3,27.3,24.29999,1,2,5,17,27,23,12.60166,2
1,0,2,2,4.207503,0,0.6085013,0.008498904,15,3,6.199997,27.3,27.3,23.79999,1,2,5,17,27,23,12.70236,2
1,1,2,2,4.707505,19.9076,0.6085013,0.008498904,15,3,6.699997,27.3,27.3,23.29999,1,2,5,17,27,23,12.80355,2
1,1,2,2,4.907506,19.7076,0.6085013,0.008498904,15,3,7.199996,27.3,27.3,22.79998,1,2,5,17,27,23,12.90092,0
1,0,2,2,4.507504,0,0.6085013,0.008498904,15,3,7.699996,27.3,27.3,22.29998,1,2,5,17,27,23,13.00167,1
1,0,2,2,4.307503,0,0.6085013,0.008498904,15,3,8.199996,27.3,27.3,21.79998,1,2,5,17,27,23,13.10115,0
1,0,2,2,4.307503,0,0.6085013,0.008498904,15,3,8.699998,27.3,27.3,21.29998,1,2,5,17,27,23,13.20298,0
1,0,2,2,4.307503,0,0.6085013,0.008498904,15,3,9.2,27.3,27.3,20.79998,1,2,5,17,27,23,13.30245,0
0,0,2,2,0,0,0.6085013,0.008498904,15,3,9.700002,27.3,27.3,20.29997,0,2,5,17,27,23,13.40164,0
0,0,2,2,0,0,0.6085013,0.008498904,15,3,10.2,27.3,27.3,19.79997,0,2,5,17,27,23,13.5033,0
6,0,2,2,2.9577,0,0.6085013,0.008498904,15,3,10.70001,27.3,27.3,19.29997,1,2,5,17,27,23,13.60135,0
0,0,2,2,0,0,0.6085013,0.008498904,15,3,10.70001,26.8,27.3,18.79997,0,2,5,17,27,23,13.70261,0
1,0,2,2,4.307503,0,0.6085013,0.008498904,15,3,100,100,27.3,18.29997,1,2,5,17,27,23,13.80356,0
1,0,2,2,4.307503,0,0.6085013,0.008498904,15,3,100,100,27.3,17.79996,1,2,5,17,27,23,13.90088,0
1,0,2,2,4.307503,0,0.6085013,0.008498904,15,3,100,100,27.3,17.29996,1,2,5,17,27,23,14.00338,0
1,0,2,2,4.307503,0,0.6085013,0.008498904,15,3,100,100,27.3,17.29996,1,2,5,17,27,23,14.10305,0
1,0,2,2,4.207503,0,0.6085013,0.008498904,15,3,100,100,27.3,17.29996,1,2,5,17,27,23,14.20327,1
1,0,2,2,3.707501,0,0.6085013,0.008498904,15,3,100,100,27.3,17.29996,1,2,5,17,27,23,14.3033,1
1,0,2,2,3.207499,0,0.6085013,0.008498904,15,3,100,100,27.3,17.29996,1,2,5,17,27,23,14.40401,1
1,0,2,2,2.707498,0,0.6085013,0.008498904,15,3,100,100,27.3,17.29996,1,2,5,17,27,23,14.50256,1
1,0,2,2,2.207496,0,0.6085013,0.008498904,15,3,100,100,27.3,17.29996,1,2,5,17,27,23,14.60296,1
1,0,2,2,1.707494,0,0.6085013,0.008498904,15,3,100,100,27.3,17.29996,1,2,5,17,27,23,14.70277,1
1,0,2,2,1.207492,0,1.608501,0.008498904,15,3,100,100,27.3,17.29996,1,2,5,17,27,23,14.80137,1
1,0,2,2,0.8074902,0,1.608501,0.008498904,15,3,100,100,27.3,17.29996,1,2,5,17,27,23,14.90052,3
1,0,2,2,0.8074902,0,1.108499,0.5085009,15,3,100,100,27.3,17.29996,1,2,5,17,27,23,15.00202,3
1,2,2,2,0.8074902,0.808565,0.6084974,1.008503,15,3,100,100,27.3,17.29996,1,2,5,17,27,23,15.10079,3
1,2,2,2,0.8074902,0.808565,0.1084955,1.508505,15,3,100,100,27.3,17.29996,1,2,5,17,27,23,15.2024,3
1,2,2,2,0.8074902,0.808565,0.00849509,1.608505,15,3,100,100,27.3,17.29996,1,2,5,17,27,23,15.30075,3
1,2,2,2,0.8074902,0.808565,0.00849509,1.608505,15,3,100,100,27.3,17.29996,1,2,5,17,27,23,15.40256,3
1,2,2,2,0.8074902,0.808565,0.00849509,1.608505,15,3,100,100,27.3,17.29996,1,2,5,17,27,23,15.50074,3
1,2,1,1,0.5074891,1.108566,15.00755,9.60756,15,3,100,100,27.3,17.29996,1,2,5,17,27,23,15.6013,1
1,2,1,1,0.007487177,1.608568,15.00755,9.60756,15,3,100,100,27.3,17.29996,1,2,5,17,27,23,15.70241,1
1,2,1,1,0.007487177,1.608568,15.00755,9.60756,15,3,100,100,27.3,17.29996,1,2,5,17,27,23,15.80117,3
1,2,1,1,0.007487177,0.608568,14.60755,10.00756,15,3,100,100,27.3,17.29996,1,2,5,17,27,23,15.90001,3
1,2,1,1,0.007487177,0.608568,14.10755,10.50756,15,3,100,100,27.3,17.29996,1,2,5,17,27,23,16.00258,3
1,2,1,1,0.007487177,0.608568,13.60754,11.00757,15,3,100,100,27.3,16.79996,1,2,5,17,27,23,16.10278,3
1,2,1,1,0.007487177,0.608568,13.10754,11.50757,15,3,100,100,27.3,16.29996,1,2,5,17,27,23,16.20224,3
1,1,1,1,0.007487177,4.607623,12.60754,12.00757,15,3,100,100,27.3,15.79996,1,2,5,17,27,23,16.3027,3
1,1,1,1,0.007487177,4.607623,12.10754,12.50757,15,3,100,100,27.3,15.69996,1,2,5,17,27,23,16.40236,3
1,2,1,1,0.007487177,0.608568,11.60754,13.00757,15,3,100,100,27.3,15.69996,1,2,5,17,27,23,16.50391,3
1,2,1,1,0.007487177,0.608568,11.10754,13.50758,15,3,100,100,27.3,15.69996,1,2,5,17,27,23,16.60198,3
1,2,1,1,0.007487177,0.608568,10.60753,14.00758,15,3,100,100,27.3,15.69996,1,2,5,17,27,23,16.7011,3
1,2,1,1,0.007487177,0.608568,10.10753,14.50758,15,3,100,100,27.3,15.69996,1,2,5,17,27,23,16.80342,3
1,2,1,1,0.007487177,0.608568,9.60753,15.00758,15,3,100,100,27.3,15.69996,1,2,5,17,27,23,16.90323,3
1,2,1,1,0.007487177,0.608568,9.107528,15.50758,15,3,100,100,27.3,15.69996,1,2,5,17,27,23,17.00275,3
1,0,1,1,0.007487177,0,8.607525,16.00758,15,3,100,100,27.3,15.69996,1,2,5,17,27,23,17.10194,3
1,0,1,1,0.007487177,0,8.107525,16.50759,15,3,100,100,27.3,15.69996,1,2,5,17,27,23,17.20393,3
1,2,1,1,0.007487177,0.608568,7.607522,17.00759,15,3,100,100,27.3,15.69996,1,2,5,17,27,23,17.30167,3
1,2,1,1,0.007487177,0.608568,7.10752,17.50759,15,3,100,100,27.3,15.69996,1,2,5,17,27,23,17.40015,3
1,2,1,1,0.007487177,0.608568,6.607518,18.00759,15,3,100,100,27.3,15.69996,1,2,5,17,27,23,17.50293,3
1,2,1,1,0.007487177,0.608568,6.107516,18.5076,15,3,100,100,27.3,15.69996,1,2,5,17,27,23,17.6029,3
1,2,1,1,0.007487177,0.608568,5.607514,19.0076,15,3,100,100,27.3,15.69996,1,2,5,17,27,23,17.70257,3
1,2,1,1,0.007487177,0.608568,5.107512,19.5076,15,3,100,100,27.3,15.69996,1,2,5,17,27,23,17.80264,3
1,2,1,1,0.007487177,0.608568,4.70751,19.9076,15,3,100,100,27.3,15.69996,1,2,5,17,27,23,17.90199,3
1,2,1,1,0.5074891,0.108566,4.70751,19.9076,15,3,100,100,27.3,15.69996,1,2,5,17,27,23,18.00138,2
1,2,1,1,0.6074894,0.008565661,4.70751,19.9076,15,3,100,100,27.3,15.69996,1,2,5,17,27,23,18.10127,2
1,2,1,1,0.6074894,0.008565661,4.70751,19.9076,15,3,100,100,27.3,15.69996,1,2,5,17,27,23,18.20364,2
1,2,1,1,0.6074894,0.008565661,4.70751,19.9076,15,3,100,100,27.3,15.69996,1,2,5,17,27,23,18.30363,2
1,2,1,0,0.6074895,10.00857,4.60751,0,15,3,100,100,27.3,15.69996,1,2,5,17,27,23,18.40008,3
1,2,1,0,0.6074894,10.00857,4.107508,0,15,3,100,100,27.3,15.69996,1,2,5,17,27,23,18.50159,3
1,2,2,2,0.9074906,9.708565,0.1084535,0.5085467,15,3,100,100,27.3,15.69996,1,2,5,17,27,23,18.60345,2
1,2,2,2,1.407493,9.208563,0.1084535,0.5085467,15,3,100,100,27.3,15.69996,1,2,5,17,27,23,18.70341,2
1,2,2,2,1.907494,8.708561,0.1084535,0.5085467,15,3,100,100,27.3,15.69996,1,2,5,17,27,23,18.80113,2
1,2,2,2,2.407496,8.208559,0.1084535,0.5085467,15,3,100,100,27.3,15.69996,1,2,5,17,27,23,18.90052,2
1,2,2,2,2.907498,7.708557,0.1084535,0.5085466,15,3,100,100,27.3,15.69996,1,2,5,17,27,23,19.00173,2
1,2,2,2,3.4075,7.208555,0.1084535,0.5085467,15,3,100,100,27.3,15.69996,1,2,5,17,27,23,19.10285,2
1,0,2,2,3.907502,0,0.1084535,0.5085467,15,3,100,100,27.3,15.69996,0,2,5,17,27,23,19.20365,2
1,0,2,2,4.407503,0,0.1084535,0.5085467,15,3,100,100,27.3,15.69996,0,2,5,17,27,23,19.30293,2
1,0,2,2,4.907506,0,0.1084535,0.5085467,15,3,100,100,27.3,15.69996,0,2,5,17,27,23,19.40202,2
1,0,2,2,5.307507,0,0.1084535,0.5085467,15,3,100,100,27.3,15.69996,0,2,5,17,27,23,19.50357,0
1,0,2,2,5.307507,0,0.1084535,0.5085467,15,3,100,100,27.3,15.69996,0,2,5,17,27,23,19.60331,1
1,0,2,2,4.807505,0,0.1084535,0.5085467,15,3,100,100,27.3,15.69996,0,2,5,17,27,23,19.70229,1
1,2,2,2,4.307503,7.308551,0.1084535,0.5085467,15,3,100,100,27.3,15.69996,1,2,5,17,27,23,19.80264,1
1,2,2,2,3.807501,7.808554,0.1084535,0.5085467,15,3,100,100,27.3,15.69996,1,2,5,17,27,23,19.9027,1
1,2,2,2,3.3075,8.308556,0.1084535,0.5085467,15,3,100,100,27.3,15.69996,1,2,5,17,27,23,20.00167,1
1,2,2,2,2.807498,8.808558,0.1084535,0.5085467,15,3,100,100,27.3,15.69996,1,2,5,17,27,23,20.10156,1
1,2,2,2,2.307496,9.308559,0.1084535,0.5085467,15,3,100,100,27.3,15.69996,1,2,5,17,27,23,20.2028,1
1,2,2,2,1.807494,9.808561,0.1084535,0.5085467,15,3,100,100,27.3,15.69996,1,2,5,17,27,23,20.3035,1
1,2,2,2,1.307492,10.30856,0.1084535,0.5085467,15,3,100,100,27.3,15.69996,1,2,5,17,27,23,20.40187,1
1,2,2,2,0.8074902,10.80857,0.1084535,0.5085467,15,3,100,100,27.3,15.69996,1,2,5,17,27,23,20.50014,1
1,2,1,0,0.3074883,11.30857,4.107509,0,15,3,100,100,27.3,15.69996,1,2,5,17,27,23,20.60109,1
1,2,1,0,0.007487177,11.60857,4.107509,0,15,3,100,100,27.3,15.69996,1,2,5,17,27,23,20.70282,1
1,2,1,0,0.007487177,11.60857,4.107509,0,15,3,100,100,27.3,15.69996,1,2,5,17,27,23,20.8002,1
1,2,1,0,0.007487177,0.608568,3.907508,0,15,3,100,100,27.3,15.69996,1,2,5,17,27,23,20.90214,3
1,2,1,0,0.007487177,0.608568,3.407506,0,15,3,100,100,27.3,15.69996,1,2,5,17,27,23,21.00406,3
1,2,1,0,0.007487177,0.608568,2.907504,0,15,3,100,100,27.3,15.69996,1,2,5,17,27,23,21.10155,3
1,2,1,0,0.007487177,0.608568,2.507503,0,15,3,100,100,27.3,15.69996,1,2,5,17,27,23,21.20275,0
1,2,1,0,0.007487177,0.608568,2.507503,0,15,3,100,100,27.3,15.69996,1,2,5,17,27,23,21.30012,0
1,2,1,0,0.007487177,0.608568,2.507503,0,15,3,100,100,27.3,15.69996,1,2,5,17,27,23,21.40158,0
1,2,1,0,0.007487177,0.608568,2.507503,0,15,3,100,100,27.3,15.69996,1,2,5,17,27,23,21.50182,0
1,2,1,0,0.007487177,0.608568,2.507503,0,15,3,100,100,27.3,15.69996,1,2,5,17,27,23,21.60263,0
1,2,1,0,0.007487177,0.608568,2.507503,0,15,3,100,100,27.3,15.69996,1,2,5,17,27,23,21.70296,0
1,2,1,0,0.007487177,0.608568,2.507503,0,15,3,100,100,27.3,15.69996,1,2,5,17,27,23,21.80258,0
1,2,1,0,0.007487177,0.608568,2.507503,0,15,3,100,100,27.3,15.69996,1,2,5,17,27,23,21.90055,0
1,2,1,0,0.007487177,0.608568,2.507503,0,15,3,100,100,27.3,15.69996,1,2,5,17,27,23,22.00309,0
1,2,1,0,0.007487177,0.608568,2.207501,0,15,3,100,100,27.3,15.69996,1,2,5,17,27,23,22.10087,3
1,2,1,0,0.007487177,0.608568,1.9075,0,15,3,100,100,27.3,15.69996,1,2,5,17,27,23,22.2037,0
1,2,1,0,0.007487177,0.608568,1.9075,0,15,3,100,100,27.3,15.69996,1,2,5,17,27,23,22.30189,0
1,2,1,0,0.007487177,0.608568,1.9075,0,15,3,100,100,27.3,15.69996,1,2,5,17,27,23,22.4016,0
1,2,1,0,0.007487177,0.608568,1.9075,0,15,3,100,100,27.3,15.69996,1,2,5,17,27,23,22.50055,0
1,2,1,0,0.007487177,0.608568,1.9075,0,15,3,100,100,27.3,15.69996,1,2,5,17,27,23,22.60035,0
1,2,1,0,0.007487177,0.608568,1.9075,0,15,3,100,100,27.3,15.69996,1,2,5,17,27,23,22.70235,0
1,2,1,0,0.007487177,0.608568,2.107501,0,15,3,100,100,27.3,15.69996,1,2,5,17,27,23,22.80339,4
1,2,1,0,0.007487177,0.608568,2.607503,0,15,3,100,100,27.3,15.69996,1,2,5,17,27,23,22.90033,4
1,2,1,0,0.007487177,0.608568,2.907504,0,15,3,100,100,27.3,15.69996,1,2,5,17,27,23,23.0016,0
1,2,1,0,0.007487177,0.608568,2.507503,0,15,3,100,100,27.3,15.69996,1,2,5,17,27,23,23.10263,3
1,2,1,0,0.007487177,0.608568,2.007501,0,15,3,100,100,27.3,15.69996,1,2,5,17,27,23,23.20329,3
1,2,1,0,0.007487177,0.608568,1.507499,0,15,3,100,100,27.3,15.69996,1,2,5,17,27,23,23.29996,3
1,2,1,0,0.3074883,0.3085668,1.507499,0,15,3,100,100,27.3,15.69996,1,2,5,17,27,23,23.40218,2
1,2,1,0,0.6074894,1.008566,1.507499,0,15,3,100,100,27.3,15.69996,1,2,5,17,27,23,23.50279,4
1,2,1,0,0.6074894,0.008565661,1.9075,0,15,3,100,100,27.3,15.69996,1,2,5,17,27,23,23.60206,4
1,2,1,0,0.6074895,0.008565661,2.407502,0,15,3,100,100,27.3,15.69996,1,2,5,17,27,23,23.70357,4
1,2,1,0,0.6074894,0.008565661,2.907504,0,15,3,100,100,27.3,15.69996,1,2,5,17,27,23,23.80042,4
1,2,1,0,0.6074894,0.008565661,3.407506,0,15,3,100,100,27.3,15.69996,1,2,5,17,27,23,23.90355,4
1,2,1,0,0.6074894,0.008565661,3.507505,0,15,3,100,100,27.3,15.69996,1,2,5,17,27,23,24.00068,0
1,2,1,0,0.6074894,0.008565661,3.207505,0,15,3,100,100,27.3,15.69996,1,2,5,17,27,23,24.10247,3
1,2,1,0,0.6074894,0.008565661,2.707503,0,15,3,100,100,27.3,15.69996,1,2,5,17,27,23,24.20124,3
1,2,1,0,0.6074895,0.008565661,2.207501,0,15,3,100,100,27.3,15.69996,1,2,5,17,27,23,24.30249,3
1,2,1,0,0.6074894,0.008565661,1.707499,0,15,3,100,100,27.3,15.69996,1,2,5,17,27,23,24.40445,3
1,2,1,0,0.6074894,1.008566,1.207497,0,15,3,100,100,27.3,15.79996,1,2,5,17,27,23,24.50204,3
1,2,1,0,0.6074894,1.008566,1.007497,0,15,3,100,100,27.3,16.29996,1,2,5,17,27,23,24.60133,3
1,2,1,2,1.107491,0.5085638,1.007497,0.6085585,15,3,100,100,27.3,16.79996,0,2,5,17,27,23,24.70417,2
1,2,1,2,1.607493,0.008561847,1.007497,0.6085585,15,3,100,100,27.3,17.29996,0,2,5,17,27,23,24.8018,2
1,2,1,2,1.607493,0.008561847,1.007497,0.6085585,15,3,100,100,27.3,17.79996,0,2,5,17,27,23,24.90026,4
1,2,1,2,1.607493,0.008561847,1.507499,0.1085565,15,3,100,100,27.3,18.29997,0,2,5,17,27,23,25.00045,4
1,2,1,2,1.607493,0.008561847,1.607499,0.008556125,15,3,100,100,27.3,18.79997,0,2,5,17,27,23,25.10317,4
1,2,1,2,1.607493,0.008561847,1.607499,0.008556125,15,3,100,100,27.3,19.29997,0,2,5,17,27,23,25.20075,4
1,2,1,2,1.607493,0.008561847,1.607499,0.008556125,15,3,100,100,27.3,19.79997,1,2,5,17,27,23,25.30017,4
1,2,1,2,1.607493,0.008561847,1.607499,0.008556125,15,3,100,100,27.3,20.29997,1,2,5,17,27,23,25.40109,4
1,2,1,2,1.607493,0.008561847,1.607499,0.008556125,15,3,100,100,27.3,20.79998,1,2,5,17,27,23,25.50236,4
1,2,1,2,1.607493,0.008561847,1.607499,0.008556125,15,3,100,100,27.3,21.29998,1,2,5,17,27,23,25.60053,4
1,2,1,2,1.607493,0.008561847,1.607499,0.008556125,15,3,100,100,27.3,21.79998,1,2,5,17,27,23,25.70206,4
1,2,1,2,1.607493,0.008561847,1.607499,0.008556125,15,3,100,100,27.3,22.29998,1,2,5,17,27,23,25.80251,4
1,2,1,2,1.607493,0.008561847,1.607499,0.008556125,15,3,100,100,27.3,22.79998,1,2,5,17,27,23,25.9011,4
1,2,1,2,1.607493,0.008561847,1.307498,0.3085573,15,3,100,100,27.3,23.29999,0,2,5,17,27,23,26.00354,3
1,2,1,2,1.607493,1.008562,1.107497,0.5085581,15,3,100,100,27.3,23.19999,1,1,5,17,27,23,26.10094,0
1,6,5,2,1.607493,0.6578245,0.1741712,0.5085581,15,3,100,100,27.3,23.69999,1,1,5,17,27,23,26.20016,0
1,6,1,2,1.607493,0.1578225,1.107497,0.5085581,15,3,100,100,27.3,24.19999,1,1,5,17,27,23,26.3024,0
1,2,1,2,1.607493,1.008562,1.107497,0.5085581,15,3,100,100,27.3,24.69999,1,1,5,17,27,23,26.40139,0
1,2,1,2,1.607493,1.008562,1.107497,0.5085581,15,3,100,100,100,100,1,1,5,17,27,23,26.50001,0
1,2,0,2,1.607493,1.008562,0,0.5085581,15,3,100,100,100,100,0,1,5,17,27,23,26.60265,0
1,2,1,2,1.607493,1.008562,1.107497,0.5085581,15,3,100,100,100,100,1,1,5,17,27,23,26.70286,0
1,2,1,2,1.607493,1.008562,1.107497,0.5085581,15,3,100,100,100,100,1,1,5,17,27,23,26.80436,0
1,2,1,2,1.607493,1.008562,1.107497,0.5085581,15,3,100,100,100,100,1,1,5,17,27,23,26.90001,0
1,2,1,2,1.607493,1.008562,0.9074963,0.7085589,15,3,100,100,100,100,1,1,5,17,27,23,27.00045,3
1,1,1,2,1.607493,10.00856,0.4074944,1.208561,15,3,100,100,100,100,1,1,5,17,27,23,27.10144,3
1,1,1,2,1.707494,9.908562,0.1074933,1.508562,15,3,100,100,100,100,1,1,5,17,27,23,27.20299,2
1,1,1,2,2.207496,9.40856,0.1074933,1.508562,15,3,100,100,100,100,1,1,5,17,27,23,27.30127,2
1,1,1,2,2.707497,8.908558,0.1074933,0.5085619,15,3,100,100,100,100,1,1,5,17,27,23,27.40085,2
1,1,1,2,3.207499,8.408556,0.1074933,0.5085619,15,3,100,100,100,100,1,1,5,17,27,23,27.50239,2
win